"country","points","price","province","title","variety","vintage"
"Italy",87,40,"Central Italy","Cataldi Madonna 2005 PiíÂ delle Vigne Cerasuolo RosíÂ  (Montepulciano d'Abruzzo)","Montepulciano",2005
"Italy",87,50,"Southern Italy","Nativ 2012 Eremo San Quirico Aglianico (Irpinia)","Aglianico",2012
"Italy",86,14,"Southern Italy","Torricino 2012  Greco di Tufo","Greco",2012
"Italy",83,22,"Tuscany","Vignaioli del Morellino di Scansano 2010 Riserva Roggiano  (Morellino di Scansano)","Red Blend",2010
"Italy",86,10,"Southern Italy","Cantina di Venosa 2005 Terre di Orazio Dry Muscat (Basilicata)","Muscat",2005
"Italy",92,36,"Tuscany","Fuligni 2005 S.J. (San Jacopo) Red (Toscana)","Red Blend",2005
"Italy",85,46,"Piedmont","Malviríæ 2007 Renesio Riserva  (Roero)","Nebbiolo",2007
"Italy",90,49,"Veneto","Cesari 2005 JíÂma Corvina (Veronese)","Corvina",2005
"Italy",87,17,"Northeastern Italy","Egger-Ramer 2013 Reiesegger St. Magdalener Classico Red (Alto Adige)","Red Blend",2013
"Italy",93,120,"Northeastern Italy","Gravner 2003 Anfora Ribolla Gialla (Venezia Giulia)","Ribolla Gialla",2003
"Italy",86,23,"Piedmont","La Scolca 2007 White Label  (Gavi)","Cortese",2007
"Italy",89,86,"Tuscany","Boscarelli 2006  Vino Nobile di Montepulciano","Prugnolo Gentile",2006
"Italy",85,22,"Tuscany","Cantalici L'Antica Fornace di Ridolfo 2012  Chianti Classico","Red Blend",2012
"Italy",88,20,"Northeastern Italy","Abbazia di Novacella 2014 Mí_ller-Thurgau (Alto Adige Valle Isarco)","Mí_ller-Thurgau",2014
"Italy",91,75,"Tuscany","Fattoria Scopone 2008  Brunello di Montalcino","Sangiovese Grosso",2008
"Italy",85,15,"Northeastern Italy","Monte del Fríç 2006 Corvina (Garda)","Corvina",2006
"Italy",91,55,"Piedmont","Marchesi di Barolo 2004  Barolo","Nebbiolo",2004
"Italy",86,18,"Veneto","Terre di San Venanzio Fortunato 2010 Extra Dry  (Conegliano Valdobbiadene Prosecco Superiore)","Glera",2010
"Italy",89,292,"Piedmont","Gianni Gagliardo 2005 Serre 10 Anni  (Barolo)","Nebbiolo",2005
"Italy",87,18,"Veneto","Foss Marai NV Strada di Guia 109 Brut  (Conegliano Valdobbiadene Prosecco Superiore)","Glera",109
"Italy",87,13,"Tuscany","Cala de' Poeti 2013  Maremma Toscana","Red Blend",2013
"Italy",84,16,"Veneto","Bertani 2009 Villa Novare  (Valpolicella Classico)","Corvina, Rondinella, Molinara",2009
"Italy",84,17,"Piedmont","Ca' Nova 2014 Bocciolo Nebbiolo (Colline Novaresi)","Nebbiolo",2014
"Italy",89,32,"Tuscany","Canneta 2006 Le Bruciate  (Brunello di Montalcino)","Sangiovese Grosso",2006
"Italy",92,55,"Northeastern Italy","Jací_ss 2007 Picolit (Colli Orientali del Friuli)","Picolit",2007
"Italy",91,30,"Southern Italy","Villa Raiano 2014 Contrada Marotta  (Greco di Tufo)","Greco",2014
"Italy",90,45,"Lombardy","Ronco Calino 2008 Brut Sparkling (Franciacorta)","Sparkling Blend",2008
"Italy",88,22,"Veneto","Corte Moschina 2014 I Tarai  (Soave)","Garganega",2014
"Italy",89,19,"Southern Italy","Fattoria La Rivolta 2012 Falanghina (Taburno)","Falanghina",2012
"Italy",86,32,"Veneto","Speri 2007 Vigneto Sant'Urbano  (Valpolicella Classico Superiore)","Corvina, Rondinella, Molinara",2007
"Italy",91,90,"Tuscany","Lisini 2004  Brunello di Montalcino","Sangiovese Grosso",2004
"Italy",91,33,"Lombardy","Selva Capuzza 2013 Selva  (Lugana)","Turbiana",2013
"Italy",89,27,"Northeastern Italy","Josef Weger 2006 Maso delle Rose Pinot Grigio (Alto Adige)","Pinot Grigio",2006
"Italy",87,24,"Veneto","Anna Spinato 2006 Rubioso Raboso (Marca Trevigiana)","Raboso",2006
"Italy",86,13,"Piedmont","Ricossa 2007 Antica Casa  (Barbera d'Asti)","Barbera",2007
"Italy",89,14,"Sicily & Sardinia","Sella & Mosca 2014 La Cala  (Vermentino di Sardegna)","Vermentino",2014
"Italy",95,170,"Tuscany","Il Palazzone 2010 Riserva  (Brunello di Montalcino)","Sangiovese",2010
"Italy",86,14,"Veneto","Tenuta Sant'Antonio 2010 NanfríÂ  (Valpolicella)","Corvina, Rondinella, Molinara",2010
"Italy",89,40,"Tuscany","Fietri 2009 Riserva  (Chianti Classico)","Red Blend",2009
"Italy",87,40,"Tuscany","Canneta 2009  Brunello di Montalcino","Sangiovese",2009
"Italy",87,20,"Piedmont","Montalbera 2008 La Briosa  (Barbera del Monferrato)","Barbera",2008
"Italy",88,22,"Northeastern Italy","Emilio Bulfon 2009 Cividíån White (Friuli Grave)","White Blend",2009
"Italy",85,20,"Sicily & Sardinia","Calabretta 2005  Etna","Carricante",2005
"Italy",87,15,"Piedmont","Collina San Ponzio 2016  Dolcetto d'Alba","Dolcetto",2016
"Italy",88,65,"Tuscany","Campo al Mare 2010 Campo al Mare  (Bolgheri)","Red Blend",2010
"Italy",91,40,"Sicily & Sardinia","Marco de Bartoli 2011 Grappoli del Grillo (Sicilia)","Grillo",2011
"Italy",84,11,"Central Italy","Cantina di Puianello 2012 Primabolla  (Lambrusco Reggiano)","Lambrusco",2012
"Italy",85,10,"Sicily & Sardinia","Vigneti Zanatta 2014 Orion  (Vermentino di Sardegna)","Vermentino",2014
"Italy",92,67,"Piedmont","Paolo Scavino 2012 Monvigliero  (Barolo)","Nebbiolo",2012
"Italy",88,29,"Lombardy","Olivini 2010 Brut Metodo Classico  (Lugana)","Turbiana",2010
"Italy",88,181,"Piedmont","Ceretto 2014 Asili  (Barbaresco)","Nebbiolo",2014
"Italy",96,27,"Tuscany","Isole e Olena 2010  Chianti Classico","Red Blend",2010
"Italy",87,18,"Central Italy","Tenuta Vitalonga 2010 Elcione Red (Umbria)","Red Blend",2010
"Italy",89,20,"Sicily & Sardinia","Hauner 2012 Rosso Red (Salina)","Red Blend",2012
"Italy",86,20,"Veneto","Carlo Boscaini 2007 La Preosa  (Valpolicella Classico Superiore Ripasso)","Corvina, Rondinella, Molinara",2007
"Italy",91,60,"Tuscany","Castello di Monsanto 2009 Il Poggio Riserva  (Chianti Classico)","Red Blend",2009
"Italy",87,16,"Northeastern Italy","St. Pauls 2009 Luziafeld Pinot Nero (Alto Adige)","Pinot Nero",2009
"Italy",86,17,"Veneto","Bianca Vigna 2010 Brut Millesimato  (Conegliano Valdobbiadene Prosecco Superiore)","Glera",2010
"Italy",91,45,"Tuscany","Tiezzi 2006 Vigna Soccorso  (Brunello di Montalcino)","Sangiovese Grosso",2006
"Italy",86,19,"Piedmont","CarlindePaolo 2014 Cursus Vitae  (Barbera d'Asti)","Barbera",2014
"Italy",87,25,"Tuscany","Villa Calcinaia 2012 Piegaia Riserva  (Chianti Classico)","Sangiovese",2012
"Italy",87,20,"Tuscany","Santa Lucia 2011 Tore del Moro  (Morellino di Scansano)","Sangiovese",2011
"Italy",90,125,"Tuscany","Mastrojanni 2012  Brunello di Montalcino","Sangiovese",2012
"Italy",90,54,"Tuscany","Caprili 1997  Brunello di Montalcino","Sangiovese",1997
"Italy",88,30,"Tuscany","Ceralti 2011 Lunarae White (Toscana)","White Blend",2011
"Italy",90,60,"Tuscany","Fornacelle 2009 Erminia Merlot (Toscana)","Merlot",2009
"Italy",87,52,"Piedmont","Pietro Rinaldi 2011 San Cristoforo  (Barbaresco)","Nebbiolo",2011
"Italy",87,15,"Northeastern Italy","Cembra 2014 Sauvignon (Trentino)","Sauvignon",2014
"Italy",92,58,"Sicily & Sardinia","Girolamo Russo 2012 San Lorenzo Rosso  (Etna)","Red Blend",2012
"Italy",88,50,"Central Italy","Arnaldo Caprai 2013 Collepiano  (Montefalco Sagrantino)","Sagrantino",2013
"Italy",88,47,"Veneto","Antica Corte 2010  Amarone della Valpolicella","Red Blend",2010
"Italy",87,50,"Veneto","Farina 2011  Amarone della Valpolicella Classico","Red Blend",2011
"Italy",86,14,"Tuscany","Carpineto 2012 Dogajolo Rosso Red (Toscana)","Red Blend",2012
"Italy",94,70,"Tuscany","Siro Pacenti 2006  Brunello di Montalcino","Sangiovese Grosso",2006
"Italy",83,8,"Central Italy","Spinelli 2008 Sangiovese (Terre di Chieti)","Sangiovese",2008
"Italy",88,20,"Tuscany","Piccini 2009 Riserva  (Chianti Classico)","Red Blend",2009
"Italy",91,45,"Northeastern Italy","Venica & Venica 2015 Ronco delle Mele Sauvignon (Collio)","Sauvignon",2015
"Italy",89,20,"Northwestern Italy","Cave du Vin Blanc de Morgex et de la Salle 2013 Tradizionale Blanc de Morgex et de La Salle Prií© Blanc (Valle d'Aosta)","Prií© Blanc",2013
"Italy",90,50,"Tuscany","Russo 2005 Sassobucato Red (Toscana)","Red Blend",2005
"Italy",86,15,"Southern Italy","La Casa Dell'Orco 2008 Aglianico (Irpinia)","Aglianico",2008
"Italy",94,69,"Piedmont","Rizzi 2014 PajoríÂ  (Barbaresco)","Nebbiolo",2014
"Italy",86,15,"Piedmont","Renato Ratti 2004 Colombí©  (Dolcetto d'Alba)","Dolcetto",2004
"Italy",87,15,"Tuscany","Rocca di Montemassi 2011 Astraio Viognier (Maremma Toscana)","Viognier",2011
"Italy",92,80,"Tuscany","Ruffino 2005 Romitorio di Santedame Red (Toscana)","Red Blend",2005
"Italy",87,36,"Piedmont","Marchesi di Barolo 2013 Peiregal  (Barbera d'Alba)","Barbera",2013
"Italy",87,48,"Piedmont","Mario Gagliasso 2011 Torriglione  (Barolo)","Nebbiolo",2011
"Italy",90,25,"Tuscany","Castello Vicchiomaggio 2013 Agostino Petri  (Chianti Classico)","Red Blend",2013
"Italy",92,60,"Sicily & Sardinia","Biondi 2012 San Nicolí_  (Etna)","Nerello Mascalese",2012
"Italy",88,30,"Central Italy","Tenuta Vitalonga 2010 Terra di Confine Red (Umbria)","Red Blend",2010
"Italy",94,60,"Piedmont","Albino Rocca 2013 Ovello  (Barbaresco)","Nebbiolo",2013
"Italy",85,18,"Veneto","Sartori 2016  Bardolino Chiaretto","Red Blend",2016
"Italy",86,17,"Piedmont","Tenute Cisa Asinari dei Marchesi di Gresy 2005 Monte Aribaldo  (Dolcetto d'Alba)","Dolcetto",2005
"Italy",87,21,"Northeastern Italy","Bortoluzzi 2007 Friulano (Collio)","Friulano",2007
"Italy",88,20,"Tuscany","Fabio Motta 2012 Pievi  (Bolgheri)","Red Blend",2012
"Italy",88,50,"Tuscany","Castello di Monsanto 1998 Il Poggio Riserva  (Chianti Classico)","Sangiovese Grosso",1998
"Italy",92,45,"Tuscany","Gualdo del Re 2004 I'Rennero Merlot (Val di Cornia Suvereto)","Merlot",2004
"Italy",88,16,"Tuscany","Castellare di Castellina 2010  Chianti Classico","Sangiovese",2010
"Italy",92,56,"Tuscany","Caccia al Piano 1868 2008 Levia Gravia  (Bolgheri Superiore)","Red Blend",1868
"Italy",87,80,"Veneto","Domíåni Veneti 2008 Monte  (Amarone della Valpolicella Classico)","Red Blend",2008
"Italy",89,48,"Northeastern Italy","Cantina Produttori San Michele Appiano 2011 Sanct Valentin Pinot Nero (Alto Adige)","Pinot Nero",2011
"Italy",89,45,"Sicily & Sardinia","Donnafugata 2009 Tancredi Red (Sicilia)","Red Blend",2009
"Italy",90,25,"Tuscany","Tenuta di Riseccoli 2011  Chianti Classico","Red Blend",2011
"Italy",90,22,"Veneto","Bortolomiol 2010 Bandarossa Extra Dry  (Conegliano Valdobbiadene Prosecco Superiore)","Glera",2010
"Italy",90,53,"Piedmont","Agostino Bosco 2011 Neirane  (Barolo)","Nebbiolo",2011
"Italy",91,34,"Veneto","Graziano Merotto 2014 Cuví©e del Fondatore Rive Col San Martino  (Valdobbiadene Prosecco Superiore)","Glera",2014
"Italy",91,40,"Sicily & Sardinia","Feudo Montoni 2007 Vrucara Nero d'Avola (Sicilia)","Nero d'Avola",2007
"Italy",86,21,"Southern Italy","Feudi di San Gregorio 2009  Primitivo di Manduria","Primitivo",2009
"Italy",88,16,"Sicily & Sardinia","Cottanera 2007 Barbazzale Nerello Mascalese (Sicilia)","Nerello Mascalese",2007
"Italy",85,15,"Central Italy","Cleto Chiarli 2012 Vigneto Enrico Cialdini  (Lambrusco Grasparossa di Castelvetro)","Lambrusco",2012
"Italy",93,31,"Veneto","Pieropan 2012 Calvarino  (Soave Classico)","White Blend",2012
"Italy",90,65,"Piedmont","Gianni Gagliardo 2004 Serre  (Barolo)","Nebbiolo",2004
"Italy",89,59,"Piedmont","Oddero 2004 Villero  (Barolo)","Nebbiolo",2004
"Italy",89,25,"Tuscany","Castello San Donato in Perano 2010  Chianti Classico","Sangiovese",2010
"Italy",88,19,"Northeastern Italy","Andriano 2011 Pinot Bianco (Alto Adige)","Pinot Bianco",2011
"Italy",90,56,"Tuscany","Volpaia 2006 Coltassala Riserva  (Chianti Classico)","Sangiovese",2006
"Italy",87,10,"Sicily & Sardinia","Stemmari 2015 Pinot Nero (Sicilia)","Pinot Nero",2015
"Italy",87,22,"Northeastern Italy","Kellerei Kaltern Caldaro 2011 Gewí_rztraminer (Alto Adige)","Gewí_rztraminer",2011
"Italy",92,70,"Piedmont","Rizzi 2010 Boito Riserva  (Barbaresco)","Nebbiolo",2010
"Italy",88,40,"Veneto","Sartori 2008  Amarone della Valpolicella","Corvina, Rondinella, Molinara",2008
"Italy",93,29,"Sicily & Sardinia","Curto 2010 Fontanelle Nero d'Avola (Eloro)","Nero d'Avola",2010
"Italy",86,33,"Tuscany","Le Bertille 2013  Vino Nobile di Montepulciano","Red Blend",2013
"Italy",87,19,"Southern Italy","Statti 2014 Gaglioppo (Calabria)","Gaglioppo",2014
"Italy",94,130,"Northeastern Italy","Ferrari 2004 Giulio Ferrari Riserva del Fondatore Chardonnay (Trento)","Chardonnay",2004
"Italy",92,50,"Sicily & Sardinia","Feudo Maccari 2010 Sultana  (Moscato di Noto)","Moscato",2010
"Italy",87,50,"Tuscany","Renieri 2009  Brunello di Montalcino","Sangiovese",2009
"Italy",86,19,"Central Italy","Farnese 2007 Casale Vecchio Passerina Passerina (Colli Aprutini)","Passerina",2007
"Italy",85,13,"Northeastern Italy","Mezzacorona 2014 Castel Pietra Pinot Grigio (Vigneti delle Dolomiti)","Pinot Grigio",2014
"Italy",87,130,"Veneto","Monte Faustino 2001  Amarone della Valpolicella Classico","Corvina, Rondinella, Molinara",2001
"Italy",91,59,"Lombardy","Caven 2008 Messere  (Sforzato di Valtellina)","Nebbiolo",2008
"Italy",90,48,"Tuscany","Molino di Sant'Antimo 2011 Varco 84  (Brunello di Montalcino)","Sangiovese",2011
"Italy",90,35,"Lombardy","Contadi Castaldi 2006 Dosaggio Zero Sparkling (Franciacorta)","Sparkling Blend",2006
"Italy",88,20,"Piedmont","San Silvestro 2015 Fossili del Comune di Gavi  (Gavi)","Cortese",2015
"Italy",87,12,"Veneto","Progettidivini 2011 Millesimato Extra Dry  (Conegliano Valdobbiadene Prosecco Superiore)","Glera",2011
"Italy",90,33,"Southern Italy","Feudi di San Gregorio 2006 Cutizzi  (Greco di Tufo)","Greco",2006
"Italy",90,24,"Piedmont","La Prevostura 2010 Muntacc Red (Coste della Sesia)","Red Blend",2010
"Italy",91,90,"Tuscany","Poggio Mandorlo 2004 Poggiomandorlo  (Maremma)","Red Blend",2004
"Italy",88,19,"Veneto","Castellani Michele & Figli 2008 Collezione Ca' del Pipa  (Valpolicella Classico Superiore Ripasso)","Corvina, Rondinella, Molinara",2008
"Italy",89,40,"Northeastern Italy","Vie di Romans 2011 Piere Sauvignon (Friuli Isonzo)","Sauvignon",2011
"Italy",92,54,"Central Italy","Arnaldo Caprai 2008 Passito  (Montefalco Sagrantino)","Sagrantino",2008
"Italy",91,60,"Veneto","Nicolis 2006  Amarone della Valpolicella Classico","Corvina, Rondinella, Molinara",2006
"Italy",87,35,"Veneto","Antolini 2009  Valpolicella Classico Superiore Ripasso","Corvina, Rondinella, Molinara",2009
"Italy",87,20,"Tuscany","Borgo Scopeto 2009  Chianti Classico","Sangiovese",2009
"Italy",91,90,"Tuscany","Corte Pavone 2010  Brunello di Montalcino","Sangiovese",2010
"Italy",90,30,"Tuscany","Badia a Coltibuono 2010 Cultus Boni  (Chianti Classico)","Red Blend",2010
"Italy",84,11,"Central Italy","Caldora Vini 2010 Chardonnay (Terre di Chieti)","Chardonnay",2010
"Italy",92,69,"Piedmont","Mauro Veglio 2012 Rocche dell'Annunziata  (Barolo)","Nebbiolo",2012
"Italy",89,47,"Tuscany","Uggiano 2010 Petraia Red (Toscana)","Red Blend",2010
"Italy",88,66,"Piedmont","Mario Gagliasso 2010 Rocche dell'Annunziata  (Barolo)","Nebbiolo",2010
"Italy",92,39,"Sicily & Sardinia","Planeta 2005 Burdese Red (Sicilia)","Red Blend",2005
"Italy",95,95,"Piedmont","Giovanni Rosso 2011 Cerretta  (Barolo)","Nebbiolo",2011
"Italy",90,26,"Central Italy","Montecappone 2012 Federico II A.D. 1194  (Verdicchio dei Castelli di Jesi Classico Superiore)","Verdicchio",2012
"Italy",90,38,"Tuscany","Tenuta San Vito 2012 Darno  (Chianti Colli Fiorentini)","Red Blend",2012
"Italy",95,40,"Tuscany","Aia Vecchia 2008 Sorugo  (Bolgheri Superiore)","Red Blend",2008
"Italy",85,10,"Northeastern Italy","Di Lenardo 2010 Vigneto Vigne da Lis Maris Chardonnay (Venezia Giulia)","Chardonnay",2010
"Italy",87,17,"Veneto","Montresor 2009 Capitel della Crosara  (Valpolicella Ripasso)","Corvina, Rondinella, Molinara",2009
"Italy",87,15,"Sicily & Sardinia","Cantine Barbera 2008 Inzolia (Sicilia)","Inzolia",2008
"Italy",92,35,"Piedmont","Pertinace 2008  Barolo","Nebbiolo",2008
"Italy",93,65,"Piedmont","Braida di Giacomo Bologna 2013 Bricco dell'Uccellone  (Barbera d'Asti)","Barbera",2013
"Italy",87,19,"Piedmont","Pasquale Pelissero 2012 CrosíÂ' Nebbiolo (Langhe)","Nebbiolo",2012
"Italy",90,41,"Northeastern Italy","Mario Schiopetto 2006 Bianco White (Venezia Giulia)","White Blend",2006
"Italy",93,70,"Piedmont","Carlo Giacosa 2014 Montefico  (Barbaresco)","Nebbiolo",2014
"Italy",87,28,"Sicily & Sardinia","Marabino 2007 í_ureka Chardonnay (Sicilia)","Chardonnay",2007
"Italy",92,105,"Tuscany","La Serena 2007 Riserva Gemini  (Brunello di Montalcino)","Sangiovese Grosso",2007
"Italy",90,33,"Tuscany","Palazzo Vecchio 2012 Maestro  (Vino Nobile di Montepulciano)","Red Blend",2012
"Italy",87,25,"Veneto","Bacio della Luna 2012 Millesimato Extra Dry  (Conegliano Valdobbiadene Prosecco Superiore)","Glera",2012
"Italy",89,27,"Tuscany","L'Oca Ciuca 2007  Brunello di Montalcino","Sangiovese Grosso",2007
"Italy",87,30,"Central Italy","Casalfarneto 2010 Riserva Crisio  (Verdicchio dei Castelli di Jesi Classico)","Verdicchio",2010
"Italy",91,35,"Tuscany","Fattoria di Grignano 2009 Salicaria Red (Toscana)","Red Blend",2009
"Italy",94,90,"Piedmont","Brovia 2009 Ca' Mia  (Barolo)","Nebbiolo",2009
"Italy",89,25,"Northeastern Italy","Cantina Produttori San Michele Appiano 2012 Riserva Lagrein (Alto Adige)","Lagrein",2012
"Italy",91,30,"Veneto","Suavia 2012 Massifitti Trebbiano (Veronese)","Trebbiano",2012
"Italy",92,84,"Piedmont","Marchesi di Barolo 2000 Riserva  (Barolo)","Nebbiolo",2000
"Italy",87,55,"Tuscany","Collemattoni 2005  Brunello di Montalcino","Sangiovese Grosso",2005
"Italy",91,22,"Piedmont","Pecchenino 2009 Siríå d'Jermu  (Dogliani)","Dolcetto",2009
"Italy",87,30,"Sicily & Sardinia","Pala 2010 Stellato  (Vermentino di Sardegna)","Vermentino",2010
"Italy",94,95,"Tuscany","La Poderina 2011 Poggio Abate Riserva  (Brunello di Montalcino)","Sangiovese",2011
"Italy",87,19,"Sicily & Sardinia","Ceuso 2008 Scurati Nero d'Avola (Sicilia)","Nero d'Avola",2008
"Italy",86,13,"Veneto","Corte Adami 2012  Soave","Garganega",2012
"Italy",86,15,"Northeastern Italy","La Viarte 2010 Incí_ White (Delle Venezie)","White Blend",2010
"Italy",93,75,"Tuscany","Tenuta di Valgiano 2009 Red (Colline Lucchesi)","Red Blend",2009
"Italy",93,140,"Piedmont","Massolino 2009 Vigna Rionda Riserva  (Barolo)","Nebbiolo",2009
"Italy",87,11,"Veneto","Masi 2002 Colbaraca Classico  (Soave)","Garganega",2002
"Italy",88,25,"Tuscany","Setriolo 2011  Chianti Classico","Red Blend",2011
"Italy",89,25,"Tuscany","Colle Spinello 2012  Morellino di Scansano","Red Blend",2012
"Italy",89,55,"Piedmont","Sordo 2011 Ravera  (Barolo)","Nebbiolo",2011
"Italy",90,22,"Tuscany","Palazzo Vecchio 2011  Vino Nobile di Montepulciano","Red Blend",2011
"Italy",89,21,"Southern Italy","Villa Matilde 2003 Red (Falerno del Massico)","Red Blend",2003
"Italy",87,30,"Southern Italy","Librandi 2006 Efeso Mantonico (Val di Neto)","Mantonico",2006
"Italy",87,19,"Sicily & Sardinia","Nicosia 2010 Fondo Filara  (Etna)","White Blend",2010
"Italy",88,19,"Piedmont","Malviríæ 2012  Roero","Arneis",2012
"Italy",95,75,"Tuscany","L'Aietta 2012  Brunello di Montalcino","Sangiovese",2012
"Italy",89,27,"Tuscany","Terre di Fiori 2010 Ventaio  (Morellino di Scansano)","Sangiovese",2010
"Italy",87,15,"Piedmont","Punset 2010  Barbera d'Alba","Barbera",2010
"Italy",87,17,"Piedmont","Pico Maccario 2012 Estrosa  (Monferrato Bianco)","White Blend",2012
"Italy",87,85,"Piedmont","Parusso 2012 Le Coste di Monforte  (Barolo)","Nebbiolo",2012
"Italy",88,14,"Tuscany","Poggio Argentiera 2015 Bellamarsilia  (Morellino di Scansano)","Sangiovese",2015
"Italy",90,19,"Northeastern Italy","Castelfeder 2012 Lahn Kerner (Vigneti delle Dolomiti)","Kerner",2012
"Italy",89,20,"Sicily & Sardinia","Firriato 2016 Le Sabbie dell'Etna Bianco  (Etna)","White Blend",2016
"Italy",90,18,"Southern Italy","Cantine di Marzo 2015  Greco di Tufo","Greco",2015
"Italy",88,27,"Central Italy","Celli 2013 Bron& Ruseval Riserva Sangiovese (Romagna)","Sangiovese",2013
"Italy",86,32,"Tuscany","Terralsole 2012  Rosso di Montalcino","Sangiovese",2012
"Italy",88,18,"Piedmont","Monchiero Carbone 2015 Recit  (Roero)","Arneis",2015
"Italy",92,35,"Tuscany","Felsina 2005 Rancia Riserva  (Chianti Classico)","Sangiovese",2005
"Italy",90,19,"Piedmont","Pio Cesare 2005  Barbera d'Alba","Barbera",2005
"Italy",90,25,"Northeastern Italy","Ronco del Gelso 2015 Toc Bas Friulano (Friuli Isonzo)","Friulano",2015
"Italy",86,10,"Central Italy","Rocca di Fabbri 2015 Grechetto (Colli Martani)","Grechetto",2015
"Italy",88,30,"Northeastern Italy","Marco Felluga 2011 Mongris Riserva Pinot Grigio (Collio)","Pinot Grigio",2011
"Italy",88,15,"Tuscany","Rocca di Montemassi 2011 Calasole Vermentino (Maremma Toscana)","Vermentino",2011
"Italy",85,12,"Piedmont","Gran Passione 2012  Barbera d'Asti","Barbera",2012
"Italy",86,14,"Sicily & Sardinia","Caruso & Minini 2009 Terre di Giumara Nero d'Avola (Sicilia)","Nero d'Avola",2009
"Italy",90,22,"Veneto","Adami 2014 Col Credas Rive di Farra di Soligo  (Valdobbiadene Prosecco Superiore)","Glera",2014
"Italy",91,30,"Tuscany","Campo di Sasso 2013 Insoglio del Cinghiale Red (Toscana)","Red Blend",2013
"Italy",89,35,"Veneto","Suavia 2011 Le Rive Garganega (Veronese)","Garganega",2011
"Italy",92,18,"Central Italy","Cavicchioli 2016 Vigna del Cristo  (Lambrusco di Sorbara)","Lambrusco di Sorbara",2016
"Italy",89,30,"Tuscany","Pratesi 2013 Il Circo Rosso Riserva  (Carmignano)","Red Blend",2013
"Italy",89,35,"Piedmont","Cascina Rabaglio 2014 Cíæ Grossa  (Barbaresco)","Nebbiolo",2014
"Italy",92,108,"Piedmont","Poderi Luigi Einaudi 2013 Cannubi  (Barolo)","Nebbiolo",2013
"Italy",87,20,"Piedmont","Camerano 2007  Dolcetto d'Alba","Dolcetto",2007
"Italy",94,80,"Tuscany","Michele Satta 2003 I Castagni  (Bolgheri Superiore)","Red Blend",2003
"Italy",94,79,"Piedmont","Elvio Cogno 2012 Ravera  (Barolo)","Nebbiolo",2012
"Italy",88,30,"Veneto","Tezza 2008 Corte Majoli  (Amarone della Valpolicella)","Corvina, Rondinella, Molinara",2008
"Italy",89,46,"Veneto","Bolla 2010  Amarone della Valpolicella Classico","Red Blend",2010
"Italy",88,26,"Tuscany","Argiano 2013 Non Confonditur Red (Toscana)","Red Blend",2013
"Italy",81,53,"Tuscany","Tenuta del Buonamico 2011 Rosato (Toscana)","Rosato",2011
"Italy",87,30,"Italy Other","Murgo 2007 Extra Brut Metodo Classico Nerello Mascalese (Vino Spumante)","Nerello Mascalese",2007
"Italy",87,14,"Sicily & Sardinia","Fondo Antico 2010 Nero d'Avola (Sicilia)","Nero d'Avola",2010
"Italy",92,55,"Tuscany","Caprili 2006  Brunello di Montalcino","Sangiovese Grosso",2006
"Italy",88,41,"Tuscany","Castello Banfi 2003 Tavernelle Cabernet Sauvignon (Sant'Antimo)","Cabernet Sauvignon",2003
"Italy",86,29,"Tuscany","Poggio Borgoni 2013 Red (Toscana)","Red Blend",2013
"Italy",82,37,"Piedmont","Il Chiosso 2008  Ghemme","Nebbiolo",2008
"Italy",87,15,"Northeastern Italy","Talis Wine 2011 Sauvignon (Venezia Giulia)","Sauvignon",2011
"Italy",89,13,"Tuscany","Tenuta Il Faggeto 2012 Lupaio  (Rosso di Montepulciano)","Red Blend",2012
"Italy",87,15,"Veneto","Cantina di Soave 2009 Rocca Sveva  (Soave Classico)","Garganega",2009
"Italy",93,35,"Piedmont","Anzivino 2010  Gattinara","Nebbiolo",2010
"Italy",92,37,"Tuscany","Castello Banfi 2007 Cum Laude Red (Toscana)","Red Blend",2007
"Italy",88,23,"Northeastern Italy","Marco Felluga 2013 Ribolla Gialla (Collio)","Ribolla Gialla",2013
"Italy",90,40,"Northeastern Italy","Tiefenbrunner 2011 Linticlarus Riserva Lagrein (Alto Adige)","Lagrein",2011
"Italy",87,80,"Veneto","Monte Tondo 2009  Amarone della Valpolicella","Red Blend",2009
"Italy",91,35,"Sicily & Sardinia","Feudo Disisa 2008 Tornamira Red (Sicilia)","Red Blend",2008
"Italy",86,15,"Veneto","Maculan 2012 Ferrata Sauvignon (Veneto)","Sauvignon",2012
"Italy",92,60,"Piedmont","Grimaldi Bruna 2010 Badarina Riserva  (Barolo)","Nebbiolo",2010
"Italy",88,121,"Piedmont","Ceretto 2014 Bernardot  (Barbaresco)","Nebbiolo",2014
"Italy",86,13,"Piedmont","Pico Maccario 2007 Lavignone  (Barbera d'Asti)","Barbera",2007
"Italy",86,15,"Veneto","L'Antica Quercia 2007 Arií_ Extra Dry  (Prosecco di Conegliano)","Prosecco",2007
"Italy",87,26,"Lombardy","Citari 2011 Torre  (Lugana)","Turbiana",2011
"Italy",90,78,"Tuscany","Poggio Antico 2005 Madre Red (Toscana)","Red Blend",2005
"Italy",90,35,"Piedmont","Elvio Cogno 2013 Bricco dei Merli  (Barbera d'Alba)","Barbera",2013
"Italy",91,45,"Southern Italy","I Capitani 2006 Bosco Faiano  (Taurasi)","Aglianico",2006
"Italy",88,21,"Piedmont","Mauro Sebaste 2012  Gavi","Cortese",2012
"Italy",89,30,"Northeastern Italy","Marco Felluga 2005 Mongris Riserva Pinot Grigio (Collio)","Pinot Grigio",2005
"Italy",86,16,"Northeastern Italy","Peter Zemmer 2012 Pinot Grigio (Alto Adige)","Pinot Grigio",2012
"Italy",89,19,"Veneto","Villabella 2015 Vigna Morlongo  (Bardolino Classico)","Red Blend",2015
"Italy",86,44,"Tuscany","Poggio Antico 2009  Rosso di Montalcino","Sangiovese Grosso",2009
"Italy",89,26,"Piedmont","Cordero di Montezemolo 2012 Nebbiolo (Langhe)","Nebbiolo",2012
"Italy",87,19,"Northeastern Italy","La Vis 2014 Ritratti Pinot Grigio (Trentino)","Pinot Grigio",2014
"Italy",87,19,"Northeastern Italy","Eugenio Collavini 2007 Villa Canlungo Pinot Grigio (Collio)","Pinot Grigio",2007
"Italy",86,20,"Northeastern Italy","La Tunella 2014 Sauvignon (Friuli Colli Orientali)","Sauvignon",2014
"Italy",85,8,"Sicily & Sardinia","Fondo Antico 2010 I Versi Bianco White (Sicilia)","White Blend",2010
"Italy",88,36,"Tuscany","Querciavalle 2007 Losi Millennium Riserva  (Chianti Classico)","Sangiovese",2007
"Italy",90,47,"Tuscany","Tenuta dei Pianali 2009 Coronato Red (Toscana)","Red Blend",2009
"Italy",87,15,"Tuscany","Palmoletino 2012 Scarafone  (Montecucco)","Red Blend",2012
"Italy",86,14,"Sicily & Sardinia","Sella & Mosca 2008 La Cala  (Vermentino di Gallura)","Vermentino",2008
"Italy",87,10,"Veneto","La Cappuccina 2013 Pinot Grigio (Veneto)","Pinot Grigio",2013
"Italy",92,61,"Tuscany","Gualdo del Re 2007 I'Rennero Merlot (Val di Cornia Suvereto)","Merlot",2007
"Italy",90,55,"Tuscany","Sant Agnese dei F.lli Gigli 2003 Libatio Lunae Red (Toscana)","Red Blend",2003
"Italy",90,35,"Tuscany","Baracchi Riccardo 2012 Smeriglio Syrah (Cortona)","Syrah",2012
"Italy",87,20,"Northeastern Italy","Gaierhof 2007 Chardonnay (Trentino)","Chardonnay",2007
"Italy",85,70,"Piedmont","Virna Borgogno 2012 Cannubi Boschis  (Barolo)","Nebbiolo",2012
"Italy",90,22,"Northeastern Italy","Kí_ssler 2015 Sauvignon (Alto Adige)","Sauvignon",2015
"Italy",93,77,"Veneto","Masi 2011 Costasera Riserva  (Amarone della Valpolicella Classico)","Red Blend",2011
"Italy",89,55,"Veneto","Provolo 2001  Amarone della Valpolicella","Corvina, Rondinella, Molinara",2001
"Italy",89,16,"Sicily & Sardinia","Argiolas 2014 Serra Lori Rosato (Isola dei Nuraghi)","Rosato",2014
"Italy",87,23,"Central Italy","Conti di Buscareto 2008 Ammazzaconte  (Verdicchio dei Castelli di Jesi)","Verdicchio",2008
"Italy",90,33,"Northeastern Italy","Jermann 2015 Pinot Grigio (Friuli Venezia Giulia)","Pinot Grigio",2015
"Italy",87,27,"Piedmont","Cascina Bruciata 2008 Usignolo Nebbiolo (Langhe)","Nebbiolo",2008
"Italy",95,120,"Tuscany","Ridolfi 2012 Mercatale  (Brunello di Montalcino)","Sangiovese",2012
"Italy",90,150,"Tuscany","La Magia 2012 Ciliegio  (Brunello di Montalcino)","Sangiovese",2012
"Italy",92,79,"Veneto","Antolini 2009 Moropio  (Amarone della Valpolicella Classico)","Red Blend",2009
"Italy",90,28,"Northeastern Italy","Lis Neris 2008 Gris Pinot Grigio (Friuli Isonzo)","Pinot Grigio",2008
"Italy",88,18,"Tuscany","Bindella 2014 Fossolupaio  (Rosso di Montepulciano)","Red Blend",2014
"Italy",93,59,"Tuscany","La Poderina 2008  Brunello di Montalcino","Sangiovese Grosso",2008
"Italy",87,15,"Tuscany","Rocca di Montemassi 2008 Calasole Vermentino (Maremma)","Vermentino",2008
"Italy",87,17,"Veneto","Ca' Rugate 2010 San Michele  (Soave Classico)","Garganega",2010
"Italy",91,39,"Sicily & Sardinia","Planeta 2005 Santa Cecilia Nero d'Avola (Sicilia)","Nero d'Avola",2005
"Italy",90,24,"Tuscany","Castello di Poppiano 2004 Conte Ferdinando Guicciardini Syrah (Colli della Toscana Centrale)","Syrah",2004
"Italy",87,13,"Sicily & Sardinia","Curto 2016 Poiano Inzolia (Terre Siciliane)","Inzolia",2016
"Italy",86,14,"Tuscany","Vecchia Cantina di Montepulciano 2011 Poggio Stella Merlot (Cortona)","Merlot",2011
"Italy",85,16,"Central Italy","Moretti Omero 2009 Nessuno White (Umbria)","White Blend",2009
"Italy",88,36,"Southern Italy","Terre del Principe 2012 Fontanavigna Pallagrello Bianco (Terre del Volturno)","Pallagrello Bianco",2012
"Italy",90,25,"Piedmont","Poderi Colla 2013 Costa Bruna  (Barbera d'Alba)","Barbera",2013
"Italy",84,14,"Central Italy","Stefano Berti 2011 Bartimeo Sangiovese (Romagna)","Sangiovese",2011
"Italy",86,12,"Tuscany","Cecchi 2013 Bonizio Red (Toscana)","Red Blend",2013
"Italy",87,14,"Southern Italy","I Capitani 2011 Clarum White (Irpinia)","White Blend",2011
"Italy",87,14,"Northeastern Italy","Tolloy 2013 Pinot Grigio (Vigneti delle Dolomiti)","Pinot Grigio",2013
"Italy",89,45,"Veneto","Delibori 2009  Amarone della Valpolicella","Red Blend",2009
"Italy",95,110,"Tuscany","Livio Sassetti 2010 Pertimali Riserva  (Brunello di Montalcino)","Sangiovese",2010
"Italy",89,20,"Northeastern Italy","Andriano 2015 Pinot Grigio (Alto Adige)","Pinot Grigio",2015
"Italy",93,90,"Tuscany","Castello del Terriccio 1998 Lupicaia Cabernet Sauvignon (Toscana)","Cabernet Sauvignon",1998
"Italy",91,90,"Tuscany","Padelletti 2011  Rosso di Montalcino","Sangiovese",2011
"Italy",94,103,"Piedmont","Ca'RomíÂ 2011 Cerretta  (Barolo)","Nebbiolo",2011
